{
  "title": "Making transparency work for you?",
  "displayTitle": "Making transparency work for you",
  "_latestTrackingId": 13,
  "_learningOutcomes": [
    {
      "outcome": "Define the benefits of publishing open data for a local authority",
      "credits": 10,
      "badge": "explorer"
    },
    {
      "outcome": "Describe key case studies for local authority publication",
      "credits": 5,
      "badge": "explorer"
    }
  ],
  "_resources": [
    {
      "title": "Modules",
      "description": "Switch to another module",
      "_filterButtons": {
        "all": "All",
        "document": "PDF",
        "media": "Media",
        "link": "Link"
      },
      "_resourcesItems": [
        {
          "_type": "link",
          "_local": "true",
          "title": "Module 1",
          "description": "Making transparency work for you",
          "_link": "../1-transparency4U/"
        },
        {
          "_type": "link",
          "_local": "true",
          "title": "Module 2",
          "description": "Making publishing work for you",
          "_link": "../2-publishing4U/"
        },
        {
          "_type": "link",
          "_local": "true",
          "title": "Module 3",
          "description": "Making standards work for you",
          "_link": "../3-standards4U/"
        }
      ]
    },
    {
      "title": "Resources",
      "description": "View additional module resources",
      "_filterButtons": {
        "all": "All",
        "document": "PDF",
        "media": "Media",
        "link": "Link"
      },
      "_resourcesItems": [
        {
          "_type": "link",
          "title": "Local Government Association Case Study Collection",
          "description": "Take me to the Local Government Association Case Study Collection",
          "_link": "http://www.local.gov.uk/web/guest/local-transparency/-/journal_content/56/10180/4049888/ARTICLE"
        },
        {
          "_type": "link",
          "title": "Prescribing Analytics case study",
          "description": "",
          "_link": "https://theodi.org/news/prescription-savings-worth-millions-identified-odi-incubated-company"
        },
        {
          "_type": "link",
          "title": "Plexus case study",
          "description": "",
          "_link": "http://theodi.org/summer-showcase-plexus"
        },
        {
          "_type": "link",
          "title": "Re-use of public sector information 2015 directive",
          "description": "",
          "_link": "http://www.legislation.gov.uk/uksi/2015/1415/regulation/15/made"
        },
        {
          "_type": "link",
          "title": "open data code of practice",
          "description": "",
          "_link": "https://data.gov.uk/consultation/code-of-practice"
        },
        {
          "_type": "link",
          "title": "National archives redaction toolkit",
          "description": "",
          "_link": "http://www.nationalarchives.gov.uk/documents/information-management/redaction_toolkit.pdf"
        },
        {
          "_type": "link",
          "title": "Local government transparency guidelines",
          "description": "",
          "_link": "http://www.local.gov.uk/documents/10180/11655/Transparency+guidance+2014+-+publishing+data++20141201.pdf/883da835-c88b-4ffa-9270-a7ab3070e19f"
        },
        {
          "_type": "link",
          "title": "Local government data validator",
          "description": "",
          "_link": "http://validator.opendata.esd.org.uk/"
        },
        {
          "_type": "link",
          "title": "National archives OGL guidance",
          "description": "",
          "_link": "http://www.nationalarchives.gov.uk/information-management/re-using-public-sector-information/licensing-for-re-use/what-ogl-covers/"
        },
        {
          "_type": "link",
          "title": "Ordnance survey PSMA licence guidelines",
          "description": "",
          "_link": "https://www.ordnancesurvey.co.uk/business-and-government/public-sector/mapping-agreements/psma-licensing.html"
        },
        {
          "_type": "link",
          "title": "Redbridge case study",
          "description": "",
          "_link": "http://www.local.gov.uk/documents/10180/11655/London+Borough+of+Redbridge+Council++open+data.pdf"
        },
        {
          "_type": "link",
          "title": "North somerset case study",
          "description": "",
          "_link": "http://www.local.gov.uk/documents/10180/6869714/North+Somerset+Tourism+Data+Case+Study+Final.pdf/f2a94c14-8400-4a7d-af9a-baa0fc716681"
        },
        {
          "_type": "link",
          "title": "Leeds case study",
          "description": "",
          "_link": "http://www.local.gov.uk/documents/10180/6869714/Leeds+Data+Mill+Case+Study+Final.pdf/47ee5812-7477-4246-bc58-8ef58e667bcc"
        },
        {
          "_type": "link",
          "title": "Carlisle case study",
          "description": "",
          "_link": "http://www.local.gov.uk/documents/10180/7206578/Carlisle+Evaluation+2015-06-24+final.pdf/35b37dca-cfdc-46d4-83f0-749366f583ab"
        }
      ]
    },
    {
      "title": "Open data",
      "description": "Use the content of this module as open data",
      "_filterButtons": {
        "all": "All",
        "document": "PDF",
        "media": "Media",
        "link": "Link"
      },
      "_resourcesItems": [
        {
          "_type": "link",
          "title": "<div align='center'><img class='download-image' src='adapt/css/assets/download.png'><p class='downloadp'>Download module data</p></div>",
          "description": "",
          "_link": "course/en/components.json"
        },
        {
          "_type": "link",
          "title": "<div align='center'><img class='download-image' src='adapt/css/assets/download.png'><p class='downloadp'>Download sidebar data</p></div>",
          "description": "",
          "_link": "course/en/course.json"
        },
        {
          "_type": "link",
          "title": "<div align='center'><img class='download-image' src='adapt/css/assets/download.png'><p class='downloadp'>Download scorm package</p></div>",
          "description": "",
          "_link": "course/en/data/scorm.zip"
        },
        {
          "_type": "link",
          "title": "Open data certificate",
          "description": "<span class='open-data-certificate'><img alt='Badge' src='adapt/css/assets/badge.png'/><ul class='open-data-certificate-details'> <li> <span>Open: ODI eLearning Data</span> </li> <li> <span>Pilot Open Data Certificate (final)</span> </li> <li> <span>Active - self certified</span> </li> </ul> </span>",
          "_link": "https://certificates.theodi.org/datasets/25215/certificate"
        },
        {
          "_type": "link",
          "title": "Open licence",
          "description": "<div align='center'><img alt='Creative Commons Licence' style='border-width:0' src='adapt/css/assets/licence.png' /></div><br /><span xmlns:dct='http://purl.org/dc/terms/' property='dct:title'>Learning open data</span> by <span xmlns:cc='http://creativecommons.org/ns# property='cc:attributionName'>Open Data Institute</span> is licensed under a Creative Commons Attribution-ShareAlike 4.0 International License.",
          "_link": "http://creativecommons.org/licenses/by-sa/4.0/"
        },
        {
          "_type": "link",
          "title": "Content usage",
          "description": "The content, including text and structure is available for you to <em>use</em>, <em>reuse</em> and <em>share</em> (including for commercial purposes) subject to the conditions of the license above.",
          "_link": ""
        },
        {
          "_type": "link",
          "title": "Exclusions",
          "description": "This license does not cover: <ul><li>Logos and trade marks belonging to the Open Data Institute</li><li>Third party content (such as images)</li></ul>",
          "_link": ""
        },
        {
          "_type": "link",
          "title": "Non-endorsement",
          "description": "This licence does not grant you any right to use the Information in a way that suggests any official status or that the Information Provider and/or Licensor endorse you or your use of the Information.",
          "_link": ""
        },
        {
          "_type": "link",
          "title": "No warranty",
          "description": "The Information is licensed 'as is'. The Open Data Institute is not liable for any errors or omissions in the Information and shall not be liable for any loss, injury or damage of any kind caused by its use. The Information Provider does not guarantee the continued supply of the Information.",
          "_link": ""
        }
      ]
    },
    {
      "title": "About",
      "description": "Discover about how these modules were created.",
      "_filterButtons": {
        "all": "All",
        "document": "PDF",
        "media": "Media",
        "link": "Link"
      },
      "_resourcesItems": [
        {
          "_type": "link",
          "title": "ODI Training Team",
          "description": "<div align='center'><img alt='ODI' style='border-width:0' src='adapt/css/assets/odi-logo.png' /></div><br />Expert knowledge, content development and learning plans provided by the by <span xmlns:cc='http://creativecommons.org/ns# property='cc:attributionName'>Open Data Institute</span> training team.",
          "_link": "http://theodi.org/training_team"
        },
        {
          "_type": "link",
          "title": "Sponge UK",
          "description": "<div align='center'><img alt='Sponge UK' style='border-width:0' src='adapt/css/assets/sponge.png' /></div><br />Learning solutions and eLearning expertise provided by <span xmlns:cc='http://creativecommons.org/ns# property='cc:attributionName'>Sponge UK</span>.",
          "_link": "http://www.spongeuk.com"
        },
        {
          "_type": "link",
          "title": "Adapt learning",
          "description": "<div align='center'><img alt='Adapt learning' style='border-width:0' src='adapt/css/assets/adapt.png' /></div><br />Open source learning platform developed by <span xmlns:cc='http://creativecommons.org/ns# property='cc:attributionName'>Adapt learning</span>.",
          "_link": "https://community.adaptlearning.org/"
        }
      ]
    }
  ],
  "_id": "course",
  "_type": "course",
  "format": "eLearning",
  "_buttons": {
    "submit": "Submit",
    "reset": "Reset",
    "showCorrectAnswer": "Model Answer",
    "hideCorrectAnswer": "My Answer"
  }
}